,,,,,,,,,,,,,,,,,
,,,,,,,,,,,,,,,,,
,Chamber and Ambient Humidity Sensor,,,,,,Microfluidic,,,FitBit,,Core,,,,,
Biking Speed (mph),Timestamp,Temperature (C),Room Humidity (%),Timestamp,Ambient Temperature (C),Ambient Humidity (%),Timestamp,Elapsed Time,Spoke #,Timestamp,HeartRate (bpm),Timestamp,CoreBodyTemp (F),TempChangeRate (F/h),TempQuality [1(poor) to 4(excellent)],SkinTemp (F),
0,9:54:25 AM,23.36,57.97,9:54:25 AM,23.62,58.35,9:54 AM,0:00:00,0,10:00:00,70,,,,,,0
0,9:56:25 AM,23.76,60.47,9:56:25 AM,23.98,58.05,12:15 PM,2:20:35,0,10:01:00,75,,,,,,0
0,9:58:25 AM,25.77,66.6,9:58:25 AM,24.58,55.69,12:17 PM,2:22:44,7,10:02:00,72,,,,,,7
0,10:00:25 AM,26.94,63.82,10:00:25 AM,25.11,54.47,12:19 PM,2:24:46,13,10:03:00,72,,,,,,6
0,10:02:25 AM,27.57,62.05,10:02:25 AM,25.94,52.27,12:21 PM,2:27:20,16,10:04:00,73,,,,,,3
0,10:04:25 AM,27.72,60.82,10:04:25 AM,26.42,50.59,12:25 PM,2:30:41,18,10:05:00,72,,,,,,2
0,10:06:25 AM,27.75,59.77,10:06:25 AM,26.74,49.78,12:28 PM,2:34:21,19.5,10:06:00,67,,,,,,1.5
0,10:08:25 AM,27.93,58.55,10:08:25 AM,26.73,49.31,12:33 PM,2:39:09,20,10:07:00,72,,,,,,0.5
0,10:10:25 AM,28.26,57.34,10:10:25 AM,26.66,49.54,12:39 PM,2:45:16,15.5,10:08:00,73,,,,,,0
0,10:12:25 AM,28.33,56.82,10:12:25 AM,26.74,49.29,12:46 PM,2:52:01,12,10:09:00,73,,,,,,0
0,10:14:25 AM,28.57,56.38,10:14:25 AM,26.67,49.54,12:54 PM,3:00:17,5,10:10:00,73,,,,,,0
0,10:16:25 AM,28.42,55.92,10:16:25 AM,26.87,49.19,12:59 PM,3:04:52,2.5,10:11:00,74,,,,,,0
0,10:18:25 AM,28.4,55.26,10:18:25 AM,26.83,49.46,1:06 PM,3:12:16,0,10:12:00,73,,,,,,0
0,10:20:25 AM,28.4,54.86,10:20:25 AM,26.96,49.16,2:18 PM,4:23:35,0,10:13:00,74,,,,,,0
0,10:22:25 AM,28.47,54.47,10:22:25 AM,27.08,48.81,2:19 PM,4:24:59,3.5,10:14:00,71,,,,,,3.5
0,10:24:25 AM,28.43,54.15,10:24:25 AM,27.17,48.49,2:21 PM,4:26:39,7,10:15:00,72,,,,,,3.5
0,10:26:26 AM,28.46,53.67,10:26:26 AM,27.19,48.53,2:22 PM,4:27:53,14.5,10:16:00,71,,,,,,7.5
0,10:28:25 AM,28.56,53.31,10:28:25 AM,27.33,48.07,2:27 PM,4:32:57,20,10:17:00,71,,,,,,5.5
0,10:30:25 AM,28.53,52.86,10:30:25 AM,27.42,47.74,2:39 PM,4:44:48,22,10:18:00,70,,,,,,2
0,10:32:25 AM,28.73,52.54,10:32:25 AM,27.48,47.53,2:52 PM,4:57:40,12,10:19:00,70,,,,,,0
0,10:34:25 AM,28.7,52.16,10:34:25 AM,27.48,47.26,3:03 PM,5:09:02,3,10:20:00,70,,,,,,0
0,10:36:25 AM,28.68,51.83,10:36:25 AM,27.55,47.37,3:09 PM,5:14:35,0,10:21:00,69,,,,,,0
0,10:38:25 AM,28.66,51.61,10:38:25 AM,27.52,47.31,7:16 PM,9:18:35,0,10:22:00,70,,,,,,0
0,10:40:25 AM,28.64,51.6,10:40:25 AM,27.52,47.41,7:16 PM,9:21:48,3,10:23:00,70,,,,,,3
0,10:42:25 AM,28.76,51.42,10:42:25 AM,27.57,47.36,7:22 PM,9:28:20,3,10:24:00,73,,,,,,0
0,10:44:25 AM,28.79,51.19,10:44:25 AM,27.55,47.27,7:24 PM,9:30:32,3,10:25:00,71,,,,,,0
0,10:46:25 AM,28.67,50.8,10:46:25 AM,27.56,47.58,7:31 PM,9:36:48,5,10:26:00,70,,,,,,2
0,10:48:25 AM,28.6,50.74,10:48:25 AM,27.5,47.85,7:32 PM,9:37:37,5,10:27:00,69,,,,,,0
0,10:50:25 AM,28.59,50.89,10:50:25 AM,27.49,47.92,7:34 PM,9:40:00,6,10:28:00,72,,,,,,1
0,10:52:25 AM,28.66,50.79,10:52:25 AM,27.51,48.08,7:38 PM,9:44:01,5,10:29:00,70,,,,,,0
0,10:54:25 AM,28.81,50.72,10:54:25 AM,27.58,48.01,7:41 PM,9:46:37,3,10:30:00,72,,,,,,0
0,10:56:25 AM,28.86,50.68,10:56:25 AM,27.64,47.89,7:53 PM,9:59:09,0,10:31:00,75,,,,,,0
0,10:58:25 AM,29.06,50.2,10:58:25 AM,27.46,48.53,8:12 PM,10:17:54,0,10:32:00,70,,,,,,0
0,11:00:26 AM,28.82,49.95,11:00:26 AM,27.21,48.79,10:02 PM,12:07:35,0,10:33:00,75,,,,,,0
0,11:02:26 AM,28.82,49.72,11:02:26 AM,27.11,49.02,,,,10:34:00,70,,,,,,
0,11:04:26 AM,28.97,49.53,11:04:26 AM,27.11,49.1,,,,10:35:00,70,,,,,,
0,11:06:26 AM,28.98,49.16,11:06:26 AM,26.91,49.85,,,,10:36:00,70,,,,,,
0,11:08:26 AM,28.29,49.22,11:08:26 AM,26.84,51.31,,,,10:37:00,69,,,,,,
0,11:10:26 AM,28.34,48.6,11:10:26 AM,26.64,48.6,,,,10:38:00,71,,,,,,
0,11:12:26 AM,27.97,49.51,11:12:26 AM,27.04,49.56,,,,10:39:00,70,,,,,,
0,11:14:26 AM,28.19,49.74,11:14:26 AM,27.35,48.52,,,,10:40:00,70,,,,,,
0,11:16:26 AM,28.36,49.74,11:16:26 AM,27.53,48.21,,,,10:41:00,68,,,,,,
0,11:18:26 AM,28.44,49.6,11:18:26 AM,27.67,47.95,,,,10:42:00,71,,,,,,
0,11:20:26 AM,28.4,49.55,11:20:26 AM,27.76,47.47,,,,10:43:00,70,,,,,,
0,11:22:26 AM,28.39,49.43,11:22:26 AM,27.98,47.04,,,,10:44:00,69,,,,,,
0,11:24:26 AM,28.31,49.25,11:24:26 AM,28.07,46.56,,,,10:45:00,79,,,,,,
0,11:26:26 AM,28.09,49.39,11:26:26 AM,28.08,46.58,,,,10:46:00,74,,,,,,
0,11:28:26 AM,28.08,49.47,11:28:26 AM,28.1,46.51,,,,10:47:00,72,,,,,,
0,11:30:26 AM,28.12,49.15,11:30:26 AM,28.03,46.72,,,,10:48:00,73,,,,,,
0,11:32:26 AM,28.09,49.26,11:32:26 AM,28.05,46.97,,,,10:49:00,72,,,,,,
0,11:34:26 AM,28.19,49.28,11:34:26 AM,28.02,46.54,,,,10:50:00,71,,,,,,
0,11:36:26 AM,28.09,49.23,11:36:26 AM,28.04,46.45,,,,10:51:00,69,,,,,,
0,11:38:26 AM,27.95,49.19,11:38:26 AM,27.99,46.58,,,,10:52:00,69,,,,,,
0,11:40:26 AM,27.92,49.22,11:40:26 AM,27.98,46.57,,,,10:53:00,70,,,,,,
0,11:42:26 AM,27.89,49.11,11:42:26 AM,27.96,47.14,,,,10:54:00,71,,,,,,
3,11:44:26 AM,27.92,49.19,11:44:26 AM,27.84,47.21,,,,10:55:00,67,,,,,,
3,11:46:26 AM,27.89,49.27,11:46:26 AM,27.85,47.35,,,,10:56:00,66,,,,,,
3,11:48:26 AM,27.82,49.41,11:48:26 AM,27.83,47.62,,,,10:57:00,65,,,,,,
3,11:50:26 AM,27.78,49.42,11:50:26 AM,27.78,47.39,,,,10:58:00,67,,,,,,
3,11:52:27 AM,27.8,49.35,11:52:27 AM,27.75,47.75,,,,10:59:00,66,,,,,,
3,11:54:27 AM,27.81,49.32,11:54:27 AM,27.74,47.25,,,,11:00:00,67,,,,,,
3,11:56:27 AM,27.73,49.37,11:56:27 AM,27.71,47.5,,,,11:01:00,65,,,,,,
3,11:58:27 AM,27.73,49.41,11:58:27 AM,27.66,47.82,,,,11:02:00,65,,,,,,
3,12:00:27 PM,27.73,49.46,12:00:27 PM,27.67,47.86,,,,11:03:00,68,,,,,,
3,12:02:27 PM,27.74,49.45,12:02:27 PM,27.67,49.21,,,,11:04:00,65,,,,,,
3,12:04:27 PM,27.82,50.14,12:04:27 PM,27.69,49.3,,,,11:05:00,75,,,,,,
3,12:06:27 PM,27.88,50.63,12:06:27 PM,27.68,49.36,,,,11:06:00,81,,,,,,
3,12:08:27 PM,27.99,50.99,12:08:27 PM,27.64,51.42,,,,11:07:00,85,,,,,,
3,12:10:27 PM,28.11,51.6,12:10:27 PM,27.65,49.97,,,,11:08:00,71,,,,,,
3,12:12:27 PM,28.27,52.24,12:12:27 PM,27.66,50.67,,,,11:09:00,68,,,,,,
3,12:14:27 PM,28.45,53.1,12:14:27 PM,27.72,51.39,,,,11:10:00,85,,,,,,
3,12:16:27 PM,28.6,54.44,12:16:27 PM,27.8,52.12,,,,11:11:00,85,,,,,,
3,12:18:27 PM,28.66,58.94,12:18:27 PM,27.86,52.08,,,,11:12:00,77,,,,,,
3,12:20:27 PM,28.73,61.37,12:20:27 PM,27.94,51.95,,,,11:13:00,73,,,,,,
3,12:22:27 PM,28.84,63.85,12:22:27 PM,28,52.7,,,,11:14:00,70,,,,,,
3,12:24:27 PM,28.95,65.73,12:24:27 PM,28.03,50.26,,,,11:15:00,69,,,,,,
0,12:26:27 PM,29.03,67.82,12:26:27 PM,28.09,50.31,,,,11:16:00,66,,,,,,
0,12:28:27 PM,29.07,66.7,12:28:27 PM,27.46,48.06,,,,11:17:00,63,,,,,,
0,12:30:27 PM,29.14,62.1,12:30:27 PM,27.34,48.05,,,,11:18:00,61,,,,,,
0,12:32:27 PM,29.18,59.46,12:32:27 PM,27.34,48.04,,,,11:19:00,63,,,,,,
0,12:34:27 PM,29.28,57.95,12:34:27 PM,27.24,48.28,,,,11:20:00,67,,,,,,
0,12:36:27 PM,29.5,57.49,12:36:27 PM,28.07,47.25,,,,11:21:00,68,,,,,,
0,12:38:27 PM,29.79,56.65,12:38:27 PM,28.46,45.96,,,,11:22:00,66,,,,,,
0,12:40:27 PM,29.95,55.47,12:40:27 PM,28.12,45.65,,,,11:23:00,68,,,,,,
0,12:42:27 PM,29.94,54.72,12:42:27 PM,28.33,45.55,,,,11:24:00,71,,,,,,
0,12:44:27 PM,29.87,54.48,12:44:27 PM,28.3,45.63,,,,11:25:00,70,,,,,,
0,12:46:27 PM,29.8,53.83,12:46:27 PM,28.12,46.09,,,,11:26:00,72,,,,,,
0,12:48:27 PM,29.93,53.12,12:48:27 PM,28.22,45.88,,,,11:27:00,67,,,,,,
0,12:50:27 PM,29.96,52.48,12:50:27 PM,28.3,45.49,,,,11:28:00,67,,,,,,
0,12:52:27 PM,29.99,51.57,12:52:27 PM,28.11,46.52,,,,11:29:00,71,,,,,,
0,12:54:27 PM,29.93,51.36,12:54:27 PM,28.54,45.02,,,,11:30:00,70,,,,,,
0,12:56:27 PM,30,50.57,12:56:27 PM,28.05,46.04,,,,11:31:00,65,,,,,,
0,12:58:27 PM,29.99,50.49,12:58:27 PM,28.49,45.51,,,,11:32:00,66,,,,,,
0,1:00:27 PM,29.91,49.95,1:00:27 PM,28.14,45.81,,,,11:33:00,67,,,,,,
0,1:02:29 PM,29.81,49.61,1:02:29 PM,28.01,46.32,,,,11:34:00,69,,,,,,
0,1:04:29 PM,29.77,49.24,1:04:29 PM,28.09,46.1,,,,11:35:00,67,,,,,,
0,1:06:29 PM,29.68,49.01,1:06:29 PM,28.12,46.03,,,,11:36:00,63,,,,,,
0,1:08:29 PM,29.61,48.86,1:08:29 PM,28.18,45.77,,,,11:37:00,64,,,,,,
0,1:10:29 PM,29.52,48.72,1:10:29 PM,28.2,45.76,,,,11:38:00,62,,,,,,
0,1:12:29 PM,29.42,48.7,1:12:29 PM,28.32,45.64,,,,11:39:00,66,,,,,,
0,1:14:29 PM,29.44,48.57,1:14:29 PM,28.28,45.64,,,,11:40:00,70,,,,,,
0,1:16:29 PM,29.5,48.39,1:16:29 PM,28.24,45.57,,,,11:41:00,75,,,,,,
0,1:18:29 PM,29.53,48.25,1:18:29 PM,28.21,45.58,,,,11:42:00,80,,,,,,
0,1:20:30 PM,29.53,48.27,1:20:30 PM,28.15,45.82,,,,11:43:00,79,,,,,,
0,1:22:29 PM,29.44,48.11,1:22:29 PM,28.23,45.71,,,,11:44:00,82,,,,,,
0,1:24:29 PM,29.38,47.89,1:24:29 PM,28.51,45.2,,,,11:45:00,91,,,,,,
0,1:26:29 PM,29.61,47.64,1:26:29 PM,28.47,45.35,,,,11:46:00,95,,,,,,
0,1:28:29 PM,29.44,47.6,1:28:29 PM,28.5,45.43,,,,11:47:00,103,,,,,,
0,1:30:29 PM,29.38,47.68,1:30:29 PM,28.62,44.75,,,,11:48:00,101,,,,,,
0,1:32:29 PM,29.42,47.53,1:32:29 PM,28.41,45.24,,,,11:49:00,98,,,,,,
0,1:34:30 PM,29.41,47.4,1:34:30 PM,28.45,45.25,,,,11:50:00,102,,,,,,
0,1:36:29 PM,29.22,47.44,1:36:29 PM,28.65,45.06,,,,11:51:00,94,,,,,,
0,1:38:29 PM,29.17,47.3,1:38:29 PM,28.4,45.24,,,,11:52:00,98,,,,,,
0,1:40:29 PM,29.13,47.34,1:40:29 PM,28.55,44.92,,,,11:53:00,102,,,,,,
0,1:42:29 PM,28.81,47.49,1:42:29 PM,28.78,44.46,,,,11:54:00,100,,,,,,
0,1:44:29 PM,28.54,47.68,1:44:29 PM,28.96,44.23,,,,11:55:00,104,,,,,,
0,1:46:29 PM,28.41,47.69,1:46:29 PM,29.05,43.89,,,,11:56:00,107,,,,,,
0,1:48:30 PM,28.44,47.78,1:48:30 PM,28.57,44.45,,,,11:57:00,111,,,,,,
0,1:50:28 PM,28.25,47.97,1:50:28 PM,28.71,44.3,,,,11:58:00,93,,,,,,
0,1:52:28 PM,28.25,47.77,1:52:28 PM,28.69,44.29,,,,11:59:00,88,,,,,,
0,1:54:28 PM,28.24,47.86,1:54:28 PM,28.43,44.95,,,,12:00:00,84,,,,,,
0,1:56:28 PM,28.23,47.88,1:56:28 PM,28.33,45.15,,,,12:02:00,112,,,,,,
0,1:58:28 PM,28.23,47.75,1:58:28 PM,28.09,45.67,,,,12:03:00,113,,,,,,
0,2:00:27 PM,28.29,47.76,2:00:27 PM,28.1,45.71,,,,12:04:00,104,,,,,,
0,2:02:27 PM,28.43,47.86,2:02:27 PM,28.27,45.36,,,,12:05:00,99,,,,,,
0,2:04:27 PM,28.51,47.74,2:04:27 PM,27.92,45.91,,,,12:06:00,113,,,,,,
0,2:06:27 PM,28.3,47.87,2:06:27 PM,28.02,46.25,,,,12:07:00,115,,,,,,
5,2:08:27 PM,28.04,48.15,2:08:27 PM,28.11,46.67,,,,12:08:00,117,,,,,,
5,2:10:27 PM,28.1,48.11,2:10:27 PM,28.15,47.01,,,,12:09:00,121,,,,,,
5,2:12:27 PM,28.07,48.33,2:12:27 PM,28.18,47.93,,,,12:10:00,118,,,,,,
5,2:14:27 PM,27.99,48.79,2:14:27 PM,28.16,48.1,,,,12:11:00,123,,,,,,
5,2:16:27 PM,27.94,49.41,2:16:27 PM,28.15,49.67,,,,12:12:00,128,,,,,,
5,2:18:27 PM,27.89,50.2,2:18:27 PM,28.13,52.5,,,,12:13:00,126,,,,,,
0,2:20:27 PM,27.88,51.09,2:20:27 PM,28.08,51.49,,,,12:14:00,126,,,,,,
0,2:22:27 PM,27.8,52.1,2:22:27 PM,28.03,51.6,,,,12:15:00,129,,,,,,
0,2:24:27 PM,27.97,53.89,2:24:27 PM,28.2,53.18,,,,12:16:00,125,,,,,,
0,2:28:00 PM,28.47,55.35,2:28:00 PM,27.62,48.33,,,,12:17:00,124,,,,,,
0,2:30:00 PM,28.67,55.74,2:30:00 PM,27.34,48.42,,,,12:18:00,121,,,,,,
0,2:32:00 PM,28.8,55.67,2:32:00 PM,27.2,48.32,,,,12:19:00,119,,,,,,
0,2:34:00 PM,28.94,55.68,2:34:00 PM,27.13,48.67,,,,12:20:00,124,,,,,,
0,2:36:00 PM,29.06,55.76,2:36:00 PM,27.09,48.48,,,,12:21:00,129,,,,,,
0,2:38:00 PM,29.13,55.6,2:38:00 PM,27.07,48.41,,,,12:22:00,123,,,,,,
0,2:40:00 PM,29.26,55.09,2:40:00 PM,27.08,48.56,,,,12:23:00,129,,,,,,
0,2:42:01 PM,29.44,55.03,2:42:01 PM,27.07,48.67,,,,12:24:00,130,,,,,,
0,2:44:00 PM,29.49,54.54,2:44:00 PM,27.05,48.58,,,,12:25:00,122,,,,,,
0,2:46:00 PM,29.54,54.01,2:46:00 PM,27.16,48.4,,,,12:26:00,112,,,,,,
0,2:48:00 PM,29.65,53.52,2:48:00 PM,27.15,48.26,,,,12:27:00,92,,,,,,
0,2:50:01 PM,29.79,53.01,2:50:01 PM,27.24,48.25,,,,12:28:00,91,,,,,,
0,2:52:01 PM,30.01,52.38,2:52:01 PM,27.69,46.96,,,,12:29:00,93,,,,,,
0,2:54:01 PM,30.02,51.75,2:54:01 PM,27.57,46.82,,,,12:30:00,91,,,,,,
0,2:56:01 PM,30.03,51.34,2:56:01 PM,27.39,47.13,,,,12:31:00,92,,,,,,
0,2:58:01 PM,29.93,50.99,2:58:01 PM,27.3,47.48,,,,12:32:00,83,,,,,,
0,3:00:01 PM,30.01,50.76,3:00:01 PM,27.27,47.53,,,,12:33:00,82,,,,,,
0,3:02:01 PM,30.05,50.36,3:02:01 PM,27.22,47.71,,,,12:34:00,80,,,,,,
0,3:04:01 PM,29.93,49.71,3:04:01 PM,27.28,47.58,,,,12:35:00,80,,,,,,
0,3:06:01 PM,29.7,49.07,3:06:01 PM,27.47,54.64,,,,12:36:00,77,,,,,,
0,3:08:01 PM,29.54,49.18,3:08:01 PM,27.31,48.52,,,,12:37:00,74,,,,,,
0,3:10:01 PM,28.3,48,3:10:01 PM,26.45,49.68,,,,12:38:00,75,,,,,,
0,3:12:01 PM,26.72,49.26,3:12:01 PM,27.14,48.22,,,,12:39:00,76,,,,,,
0,3:14:01 PM,28.99,49.81,3:14:01 PM,30.98,43.18,,,,12:40:00,81,,,,,,
0,3:16:01 PM,32.97,46.6,3:16:01 PM,35.2,33.14,,,,12:41:00,77,,,,,,
0,3:18:01 PM,33.88,44.64,3:18:01 PM,34.4,33.27,,,,12:42:00,76,,,,,,
0,3:20:01 PM,34.71,42.39,3:20:01 PM,37.16,28.27,,,,12:43:00,73,,,,,,
0,3:22:01 PM,34.87,40.99,3:22:01 PM,41.03,23.66,,,,12:44:00,75,,,,,,
0,3:24:01 PM,34.3,40.78,3:24:01 PM,44.06,19.31,,,,12:45:00,77,,,,,,
0,3:26:01 PM,34.38,40.33,3:26:01 PM,38.8,25.87,,,,12:46:00,76,,,,,,
0,3:28:01 PM,28.9,43.28,3:28:01 PM,30.58,39.35,,,,12:47:00,75,,,,,,
0,3:30:01 PM,28.48,45.32,3:30:01 PM,30.41,41.29,,,,12:48:00,73,,,,,,
0,3:32:01 PM,28.73,45.63,3:32:01 PM,30.17,41.68,,,,12:49:00,73,,,,,,
0,3:34:01 PM,28.86,45.98,3:34:01 PM,30.08,42.69,,,,12:50:00,76,,,,,,
0,3:36:01 PM,29.1,46.59,3:36:01 PM,29.8,44.66,,,,12:51:00,79,,,,,,
0,3:38:01 PM,29.45,46.69,3:38:01 PM,29.8,45.05,,,,12:52:00,71,,,,,,
0,3:40:01 PM,29.87,46.91,3:40:01 PM,29.89,48.19,,,,12:53:00,76,,,,,,
0,3:42:01 PM,29.91,47.32,3:42:01 PM,30.03,46.9,,,,12:54:00,76,,,,,,
0,3:44:02 PM,30.01,47.78,3:44:02 PM,30.13,45.57,,,,12:55:00,78,,,,,,
0,3:46:02 PM,29.75,47.77,3:46:02 PM,30.19,46.37,,,,12:56:00,71,,,,,,
0,3:48:02 PM,29.46,48.01,3:48:02 PM,30.24,45.56,,,,12:57:00,73,,,,,,
0,3:50:01 PM,29.27,48.28,3:50:01 PM,30.22,46.14,,,,12:58:00,76,,,,,,
0,3:52:01 PM,29.58,48.59,3:52:01 PM,29.85,45.72,,,,12:59:00,79,,,,,,
0,3:54:01 PM,29.93,48.53,3:54:01 PM,29.91,49.01,,,,13:00:00,75,,,,,,
0,3:56:01 PM,29.87,48.58,3:56:01 PM,29.94,46.64,,,,13:01:00,71,,,,,,
0,3:58:02 PM,30.12,48.75,3:58:02 PM,29.95,46.1,,,,13:02:00,67,,,,,,
0,4:00:02 PM,30.55,48.66,4:00:02 PM,29.91,45.53,,,,13:03:00,75,,,,,,
0,4:02:01 PM,30.58,48.75,4:02:01 PM,29.77,45.22,,,,13:04:00,79,,,,,,
0,4:04:01 PM,30.42,48.78,4:04:01 PM,29.88,46.2,,,,13:05:00,77,,,,,,
0,4:06:01 PM,30.46,48.69,4:06:01 PM,30.02,46.43,,,,13:06:00,79,,,,,,
0,4:08:01 PM,30.05,48.7,4:08:01 PM,29.78,44.61,,,,13:07:00,76,,,,,,
0,4:10:01 PM,29.1,48.79,4:10:01 PM,29.79,44.7,,,,13:08:00,80,,,,,,
0,4:12:01 PM,29.06,49.19,4:12:01 PM,29.41,44.9,,,,13:09:00,75,,,,,,
0,4:14:01 PM,29.3,49.07,4:14:01 PM,29.22,45.35,,,,13:10:00,70,,,,,,
0,4:16:02 PM,29.5,49.07,4:16:02 PM,29.18,45.67,,,,13:11:00,75,,,,,,
0,4:18:02 PM,29.67,48.72,4:18:02 PM,29.1,46.25,,,,13:12:00,73,,,,,,
0,4:20:02 PM,29.89,48.42,4:20:02 PM,29.13,46.32,,,,13:13:00,71,,,,,,
0,4:22:02 PM,30.03,48.44,4:22:02 PM,29.15,46.66,,,,13:14:00,74,,,,,,
0,4:24:02 PM,29.98,48.35,4:24:02 PM,29.12,46.29,,,,13:15:00,77,,,,,,
0,4:26:02 PM,29.89,48.44,4:26:02 PM,28.99,46.5,,,,13:16:00,71,,,,,,
0,4:28:02 PM,30.07,48.19,4:28:02 PM,28.95,46.95,,,,13:17:00,72,,,,,,
0,4:30:02 PM,30.11,48.25,4:30:02 PM,28.89,46.8,,,,13:18:00,71,,,,,,
0,4:32:02 PM,30.17,48.13,4:32:02 PM,28.87,48.73,,,,13:19:00,71,,,,,,
0,4:34:02 PM,30.42,48.06,4:34:02 PM,29.02,48.23,,,,13:20:00,70,,,,,,
0,4:36:02 PM,30.51,47.92,4:36:02 PM,28.99,48.16,,,,13:21:00,71,,,,,,
0,4:38:02 PM,30.37,47.92,4:38:02 PM,28.97,49.62,,,,13:22:00,76,,,,,,
0,4:40:02 PM,30.85,48.74,4:40:02 PM,29.23,50.25,,,,13:23:00,70,,,,,,
0,4:42:02 PM,29.21,48.6,4:42:02 PM,27.83,48.06,,,,13:24:00,69,,,,,,
2,4:44:02 PM,25.79,50.72,4:44:02 PM,25.56,53.73,,,,13:25:00,74,,,,,,
2,4:46:02 PM,25.79,51.08,4:46:02 PM,25.53,53.26,,,,13:26:00,73,,,,,,
2,4:48:02 PM,25.29,52.65,4:48:02 PM,24.93,55.11,,,,13:27:00,75,,,,,,
2,4:50:02 PM,24.83,54.22,4:50:02 PM,24.8,55.87,,,,13:28:00,68,,,,,,
2,4:52:02 PM,24.18,55.45,4:52:02 PM,23.71,58.85,,,,13:29:00,69,,,,,,
2,4:54:02 PM,23.92,56.73,4:54:02 PM,23.81,59.11,,,,13:30:00,74,,,,,,
2,4:56:02 PM,24.78,55.62,4:56:02 PM,24.67,56.15,,,,13:31:00,73,,,,,,
2,4:58:03 PM,24.06,56.58,4:58:03 PM,23.98,58.29,,,,13:32:00,69,,,,,,
2,5:00:03 PM,24.01,57.09,5:00:03 PM,23.92,58.93,,,,13:33:00,66,,,,,,
2,5:02:03 PM,24.68,56.24,5:02:03 PM,24.83,56.28,,,,13:34:00,69,,,,,,
2,5:04:03 PM,25.04,55.32,5:04:03 PM,26.41,52.07,,,,13:35:00,71,,,,,,
2,5:06:03 PM,25.37,54.62,5:06:03 PM,26.24,51.81,,,,13:36:00,75,,,,,,
2,5:08:03 PM,25.69,53.93,5:08:03 PM,27.75,47.56,,,,13:37:00,70,,,,,,
2,5:10:03 PM,26.03,53.2,5:10:03 PM,30.53,41.4,,,,13:38:00,73,,,,,,
2,5:12:03 PM,26.47,52.22,5:12:03 PM,28.08,46.88,,,,13:39:00,68,,,,,,
2,5:14:03 PM,26.99,51.77,5:14:03 PM,27.87,46.07,,,,13:40:00,70,,,,,,
2,5:16:03 PM,27.06,51.78,5:16:03 PM,29.05,43.75,,,,13:41:00,73,,,,,,
2,5:18:03 PM,25.48,53.25,5:18:03 PM,25.86,51.37,,,,13:42:00,73,,,,,,
2,5:20:03 PM,24.8,54.96,5:20:03 PM,25.63,52.98,,,,13:43:00,72,,,,,,
2,5:22:03 PM,25.48,54.3,5:22:03 PM,25.98,52.23,,,,13:44:00,69,,,,,,
2,5:24:03 PM,25.39,53.71,5:24:03 PM,25,54.74,,,,13:45:00,71,,,,,,
2,5:26:03 PM,24.74,54.84,5:26:03 PM,24.62,56.68,,,,13:46:00,69,,,,,,
2,5:28:03 PM,25.64,54.68,5:28:03 PM,25.41,54.06,,,,13:47:00,68,,,,,,
2,5:30:03 PM,24.77,54.9,5:30:03 PM,24.63,55.93,,,,13:48:00,69,,,,,,
2,5:32:03 PM,24.82,55.22,5:32:03 PM,24.69,56.14,,,,13:49:00,66,,,,,,
2,5:34:03 PM,25.39,54.59,5:34:03 PM,25.72,53.74,,,,13:50:00,69,,,,,,
2,5:36:03 PM,26.21,54.41,5:36:03 PM,26.23,53.19,,,,13:51:00,69,,,,,,
2,5:38:03 PM,26.02,54.12,5:38:03 PM,25.35,53.98,,,,13:52:00,69,,,,,,
2,5:40:03 PM,26.34,55.94,5:40:03 PM,25.65,67.29,,,,13:53:00,75,,,,,,
2,5:42:03 PM,28.15,56.79,5:42:03 PM,26.5,57.7,,,,13:54:00,71,,,,,,
2,5:44:03 PM,27.26,55.82,5:44:03 PM,26.53,60.39,,,,13:55:00,73,,,,,,
2,5:46:03 PM,29.58,54.01,5:46:03 PM,28.53,48.52,,,,13:56:00,76,,,,,,
2,5:48:03 PM,30.55,52.78,5:48:03 PM,29.58,44.53,,,,13:57:00,73,,,,,,
2,5:50:03 PM,30.74,51.48,5:50:03 PM,29.69,42.72,,,,13:58:00,68,,,,,,
2,5:52:03 PM,31.07,50.56,5:52:03 PM,30.08,42.35,,,,13:59:00,66,,,,,,
2,5:54:03 PM,31.43,50.01,5:54:03 PM,30.71,41.21,,,,14:00:00,69,,,,,,
2,5:56:03 PM,31.72,49.46,5:56:03 PM,30.86,40.31,,,,14:01:00,66,,,,,,
2,5:58:03 PM,30.36,46.2,5:58:03 PM,29.01,42.51,,,,14:02:00,68,,,,,,
2,6:00:04 PM,26.33,49.67,6:00:04 PM,26.13,50.19,,,,14:03:00,71,,,,,,
0,6:02:03 PM,26.7,50.25,6:02:03 PM,26.43,49.47,,,,14:04:00,72,,,,,,
0,6:05:45 PM,28.09,50.05,6:05:45 PM,26.71,49.38,,,,14:05:00,72,,,,,,
0,6:07:45 PM,28.52,50.04,6:07:45 PM,26.75,49.27,,,,14:06:00,77,,,,,,
0,6:09:45 PM,28.85,50.23,6:09:45 PM,26.95,48.77,,,,14:07:00,77,,,,,,
0,6:11:45 PM,29.03,50.22,6:11:45 PM,27.13,48.46,,,,14:08:00,75,,,,,,
0,6:13:45 PM,29.23,50,6:13:45 PM,27.04,48.34,,,,14:09:00,78,,,,,,
0,6:15:45 PM,29.36,49.8,6:15:45 PM,26.95,48.43,,,,14:10:00,78,,,,,,
0,6:17:45 PM,29.47,49.48,6:17:45 PM,27.02,48.36,,,,14:11:00,79,,,,,,
0,6:19:45 PM,29.59,49.25,6:19:45 PM,27,48.37,,,,14:12:00,81,,,,,,
0,6:21:45 PM,29.51,49.06,6:21:45 PM,26.99,48.49,,,,14:13:00,83,,,,,,
0,6:23:45 PM,29.64,48.6,6:23:45 PM,27.16,48.12,,,,14:14:00,106,,,,,,
0,6:25:45 PM,29.66,48.43,6:25:45 PM,27.24,48.25,,,,14:15:00,170,,,,,,
0,6:27:45 PM,29.67,48.28,6:27:45 PM,27.16,48.24,,,,14:16:00,168,,,,,,
0,6:29:45 PM,29.54,48.14,6:29:45 PM,27.07,48.3,,,,14:17:00,167,,,,,,
0,6:31:45 PM,29.37,48.06,6:31:45 PM,26.95,48.54,,,,14:20:00,185,,,,,,
0,6:33:45 PM,29.3,47.97,6:33:45 PM,26.8,48.92,,,,14:21:00,183,,,,,,
0,6:35:45 PM,29.26,47.92,6:35:45 PM,26.74,49.1,,,,14:22:00,142,,,,,,
0,6:37:45 PM,29.13,47.82,6:37:45 PM,26.75,49,,,,14:23:00,126,,,,,,
0,6:39:45 PM,28.34,46.91,6:39:45 PM,26.53,49.68,,,,14:24:00,118,,,,,,
0,6:41:45 PM,29.51,48.37,6:41:45 PM,27.34,53.59,,,,14:25:00,119,,,,,,
0,6:43:45 PM,28.66,47.79,6:43:45 PM,27.03,49.36,,,,14:26:00,111,,,,,,
0,6:45:45 PM,28.67,47.93,6:45:45 PM,27.27,48.53,,,,14:27:00,110,,,,,,
0,6:47:45 PM,28.63,47.94,6:47:45 PM,27.52,47.96,,,,14:28:00,109,,,,,,
0,6:49:45 PM,28.54,48.02,6:49:45 PM,27.63,47.56,,,,14:29:00,110,,,,,,
0,6:51:45 PM,28.62,47.98,6:51:45 PM,27.65,47.19,,,,14:30:00,107,,,,,,
0,6:53:45 PM,29,47.67,6:53:45 PM,27.55,47.3,,,,14:31:00,107,,,,,,
0,6:55:45 PM,29.1,47.74,6:55:45 PM,27.67,46.86,,,,14:32:00,109,,,,,,
0,6:57:45 PM,28.96,47.73,6:57:45 PM,27.84,46.86,,,,14:33:00,109,,,,,,
0,6:59:45 PM,29.09,47.7,6:59:45 PM,27.94,46.39,,,,14:34:00,107,,,,,,
0,7:01:45 PM,29.16,47.54,7:01:45 PM,28,46.14,,,,14:35:00,105,,,,,,
0,7:03:45 PM,29.05,47.58,7:03:45 PM,28.08,46.16,,,,14:36:00,96,,,,,,
14,7:05:45 PM,28.66,47.7,7:05:45 PM,28.04,46.48,,,,14:37:00,99,,,,,,
14,7:07:45 PM,28.52,47.73,7:07:45 PM,28.02,46.34,,,,14:38:00,95,,,,,,
14,7:09:45 PM,28.29,47.75,7:09:45 PM,27.98,46.45,,,,14:39:00,99,,,,,,
14,7:11:45 PM,28.16,47.81,7:11:45 PM,27.87,46.73,,,,14:40:00,102,,,,,,
14,7:13:45 PM,28.4,47.98,7:13:45 PM,27.92,46.91,,,,14:41:00,98,,,,,,
14,7:15:45 PM,28.13,48.14,7:15:45 PM,27.83,49.27,,,,14:42:00,90,,,,,,
14,7:17:45 PM,28.03,49.19,7:17:45 PM,27.79,50.56,,,,14:43:00,99,,,,,,
14,7:19:45 PM,27.95,50.5,7:19:45 PM,27.73,53.2,,,,14:44:00,100,,,,,,
14,7:21:45 PM,27.89,51.58,7:21:45 PM,27.67,53.24,,,,14:45:00,99,,,,,,
14,7:23:45 PM,27.96,53.08,7:23:45 PM,27.74,54.23,,,,14:46:00,102,,,,,,
14,7:25:45 PM,27.98,54.19,7:25:45 PM,27.67,53.19,,,,14:47:00,98,,,,,,
14,7:27:45 PM,27.97,54.87,7:27:45 PM,27.75,57.38,,,,14:48:00,101,,,,,,
14,7:29:45 PM,28.03,55.44,7:29:45 PM,27.74,54.97,,,,14:49:00,90,,,,,,
0,7:31:45 PM,28,55.91,7:31:45 PM,27.78,56.98,,,,14:50:00,93,,,,,,
0,7:33:45 PM,28.21,56.7,7:33:45 PM,27.48,53.67,,,,14:51:00,94,,,,,,
0,7:35:46 PM,28.52,57.57,7:35:46 PM,27.63,57.41,,,,14:52:00,97,,,,,,
0,7:37:46 PM,28.46,57.92,7:37:46 PM,27.62,52.79,,,,14:53:00,90,,,,,,
0,7:39:46 PM,28.53,57.85,7:39:46 PM,27.74,53.19,,,,14:54:00,94,,,,,,
0,7:41:46 PM,28.53,57.65,7:41:46 PM,27.82,49.64,,,,14:55:00,98,,,,,,
0,7:43:46 PM,28.71,57.21,7:43:46 PM,27.9,49.88,,,,14:56:00,95,,,,,,
0,7:45:46 PM,28.99,56.47,7:45:46 PM,27.68,47.56,,,,14:57:00,96,,,,,,
0,7:47:46 PM,29.05,55.36,7:47:46 PM,27.45,47.74,,,,14:58:00,95,,,,,,
0,7:49:46 PM,29.17,54.61,7:49:46 PM,27.54,48.53,,,,14:59:00,95,,,,,,
0,7:51:46 PM,29.22,54.4,7:51:46 PM,27.63,47.14,,,,15:00:00,92,,,,,,
0,7:53:46 PM,29.3,53.67,7:53:46 PM,27.56,46.84,,,,15:01:00,94,,,,,,
0,7:55:46 PM,29.22,52.94,7:55:46 PM,27.59,46.76,,,,15:02:00,93,,,,,,
0,7:57:46 PM,29.35,52.55,7:57:46 PM,27.75,46.55,,,,15:03:00,96,,,,,,
0,7:59:46 PM,29.65,52.02,7:59:46 PM,27.95,45.7,,,,15:04:00,100,,,,,,
0,8:01:46 PM,29.75,51.53,8:01:46 PM,28.15,45.36,,,,15:05:00,103,,,,,,
0,8:03:46 PM,29.76,50.86,8:03:46 PM,28.23,44.94,,,,15:06:00,88,,,,,,
0,8:05:46 PM,29.77,50.23,8:05:46 PM,28.28,44.72,,,,15:07:00,99,,,,,,
0,8:07:46 PM,29.76,49.98,8:07:46 PM,28.12,45.17,,,,15:08:00,99,,,,,,
0,8:09:46 PM,29.56,49.67,8:09:46 PM,28.46,45.48,,,,15:09:00,100,,,,,,
0,8:11:46 PM,29.31,49.45,8:11:46 PM,28.56,44.22,,,,15:10:00,102,,,,,,
0,8:13:46 PM,28.33,47.34,8:13:46 PM,27.62,45.81,,,,15:11:00,97,,,,,,
0,8:15:46 PM,27.56,48.41,8:15:46 PM,26.64,47.77,,,,15:12:00,102,,,,,,
0,8:17:46 PM,24.7,51.48,8:17:46 PM,23.72,55.64,,,,15:13:00,105,,,,,,
0,8:19:46 PM,25.34,51.83,8:19:46 PM,25.01,54.78,,,,15:14:00,104,,,,,,
0,8:21:46 PM,27.46,50.22,8:21:46 PM,26.11,48.34,,,,15:15:00,101,,,,,,
0,8:23:46 PM,28.89,49,8:23:46 PM,26.89,46.79,,,,15:16:00,97,,,,,,
0,8:25:46 PM,29.65,48.25,8:25:46 PM,27.46,44.9,,,,15:17:00,96,,,,,,
0,8:27:46 PM,30.16,47.85,8:27:46 PM,27.96,44.51,,,,15:18:00,97,,,,,,
0,8:29:46 PM,30.37,47.68,8:29:46 PM,28.25,43.27,,,,15:19:00,93,,,,,,
0,8:31:46 PM,27.14,48.33,8:31:46 PM,26,53.55,,,,15:20:00,89,,,,,,
0,8:33:46 PM,28.25,49.33,8:33:46 PM,27.36,57.66,,,,15:21:00,92,,,,,,
0,8:35:46 PM,29.63,49.87,8:35:46 PM,28.15,59.2,,,,15:22:00,94,,,,,,
0,8:37:46 PM,29.98,51.38,8:37:46 PM,28.6,56.35,,,,15:23:00,94,,,,,,
0,8:39:46 PM,29.8,51.33,8:39:46 PM,28.73,49.48,,,,15:24:00,87,,,,,,
0,8:41:46 PM,29.44,50.73,8:41:46 PM,28.97,48.98,,,,15:25:00,89,,,,,,
0,8:43:46 PM,29.18,50.73,8:43:46 PM,29.15,47.78,,,,15:26:00,91,,,,,,
0,8:45:46 PM,29.14,51.16,8:45:46 PM,29.31,47.24,,,,15:27:00,103,,,,,,
0,8:47:46 PM,29.39,51.37,8:47:46 PM,29.55,48.38,,,,15:28:00,96,,,,,,
0,8:49:46 PM,29.48,51.37,8:49:46 PM,29.75,47.6,,,,15:29:00,97,,,,,,
0,8:51:46 PM,29.35,51.22,8:51:46 PM,29.92,46.8,,,,15:30:00,101,,,,,,
0,8:53:46 PM,29.41,51.1,8:53:46 PM,30.04,46.69,,,,15:31:00,99,,,,,,
0,8:55:46 PM,29.27,50.96,8:55:46 PM,30.18,46.83,,,,15:32:00,96,,,,,,
0,8:57:47 PM,29.34,51.04,8:57:47 PM,30.14,45.82,,,,15:33:00,87,,,,,,
0,8:59:46 PM,29.56,51.14,8:59:46 PM,30.21,45.34,,,,15:34:00,91,,,,,,
0,9:01:46 PM,29.65,51.08,9:01:46 PM,30.28,45.59,,,,15:35:00,97,,,,,,
0,9:03:46 PM,29.88,51.21,9:03:46 PM,30.41,45.34,,,,15:36:00,100,,,,,,
0,9:05:46 PM,30.02,51.06,9:05:46 PM,30.5,44.56,,,,15:37:00,98,,,,,,
0,9:07:46 PM,30.13,50.8,9:07:46 PM,30.61,44.63,,,,15:38:00,101,,,,,,
0,9:09:46 PM,30.15,50.52,9:09:46 PM,30.65,43.7,,,,15:39:00,94,,,,,,
0,9:11:46 PM,29.89,50.22,9:11:46 PM,30.6,44.72,,,,15:40:00,98,,,,,,
0,9:13:46 PM,30.06,49.97,9:13:46 PM,30.58,44.7,,,,15:41:00,100,,,,,,
0,9:15:46 PM,30.66,49.76,9:15:46 PM,30.66,44.28,,,,15:42:00,101,,,,,,
0,9:17:46 PM,30.86,49.75,9:17:46 PM,30.53,44.35,,,,15:43:00,104,,,,,,
0,9:19:46 PM,30.84,49.55,9:19:46 PM,30.41,44.46,,,,15:44:00,97,,,,,,
0,9:21:46 PM,30.79,49.42,9:21:46 PM,30.38,44.14,,,,15:45:00,96,,,,,,
0,9:23:46 PM,30.21,49.57,9:23:46 PM,30.54,44.72,,,,15:46:00,92,,,,,,
0,9:25:47 PM,30.06,49.83,9:25:47 PM,30.56,44.62,,,,15:47:00,88,,,,,,
0,9:27:47 PM,30.36,50.11,9:27:47 PM,30.66,43.56,,,,15:48:00,87,,,,,,
0,9:29:47 PM,30.19,49.62,9:29:47 PM,30.73,43.28,,,,15:49:00,89,,,,,,
0,9:31:47 PM,30.09,49.47,9:31:47 PM,30.8,43.06,,,,15:50:00,89,,,,,,
0,9:33:47 PM,30.04,49.31,9:33:47 PM,30.83,43.3,,,,15:51:00,93,,,,,,
0,9:35:47 PM,29.93,49.31,9:35:47 PM,30.83,43.28,,,,15:52:00,93,,,,,,
0,9:37:47 PM,29.91,49.3,9:37:47 PM,30.81,43.51,,,,15:53:00,99,,,,,,
0,9:39:47 PM,29.92,49.21,9:39:47 PM,30.87,43.55,,,,15:54:00,95,,,,,,
0,9:41:47 PM,29.75,49.14,9:41:47 PM,30.97,42.42,,,,15:55:00,87,,,,,,
0,9:43:47 PM,29.92,49.09,9:43:47 PM,30.97,43.53,,,,15:56:00,83,,,,,,
0,9:45:47 PM,30.28,48.99,9:45:47 PM,30.92,42.72,,,,15:57:00,89,,,,,,
0,9:47:47 PM,30.86,48.6,9:47:47 PM,31.08,41.93,,,,15:58:00,88,,,,,,
0,9:49:47 PM,31.07,48.25,9:49:47 PM,31.12,41.53,,,,15:59:00,87,,,,,,
0,9:51:47 PM,30.88,48.31,9:51:47 PM,31.2,42.42,,,,16:00:00,78,,,,,,
0,9:53:47 PM,30.67,48.19,9:53:47 PM,30.9,41.9,,,,16:01:00,80,,,,,,
0,9:55:47 PM,30.71,48.33,9:55:47 PM,30.66,42.91,,,,16:02:00,81,,,,,,
0,9:57:47 PM,30.41,47.84,9:57:47 PM,30.7,42.35,,,,16:03:00,79,,,,,,
0,9:59:47 PM,30.36,47.69,9:59:47 PM,30.66,43.14,,,,16:04:00,84,,,,,,
0,10:01:47 PM,30.08,47.71,10:01:47 PM,30.67,43.11,,,,16:05:00,93,,,,,,
,,,,,,,,,,16:06:00,90,,,,,,
,,,,,,,,,,16:07:00,98,,,,,,
,,,,,,,,,,16:08:00,98,,,,,,
,,,,,,,,,,16:09:00,103,,,,,,
,,,,,,,,,,16:10:00,98,,,,,,
,,,,,,,,,,16:11:00,87,,,,,,
,,,,,,,,,,16:12:00,82,,,,,,
,,,,,,,,,,16:13:00,85,,,,,,
,,,,,,,,,,16:14:00,83,,,,,,
,,,,,,,,,,16:15:00,82,,,,,,
,,,,,,,,,,16:16:00,78,,,,,,
,,,,,,,,,,16:17:00,81,,,,,,
,,,,,,,,,,16:18:00,81,,,,,,
,,,,,,,,,,16:19:00,80,,,,,,
,,,,,,,,,,16:20:00,81,,,,,,
,,,,,,,,,,16:21:00,79,,,,,,
,,,,,,,,,,16:22:00,80,,,,,,
,,,,,,,,,,16:23:00,75,,,,,,
,,,,,,,,,,16:24:00,76,,,,,,
,,,,,,,,,,16:25:00,82,,,,,,
,,,,,,,,,,16:26:00,76,,,,,,
,,,,,,,,,,16:27:00,72,,,,,,
,,,,,,,,,,16:28:00,74,,,,,,
,,,,,,,,,,16:29:00,77,,,,,,
,,,,,,,,,,16:30:00,76,,,,,,
,,,,,,,,,,16:31:00,80,,,,,,
,,,,,,,,,,16:32:00,83,,,,,,
,,,,,,,,,,16:33:00,79,,,,,,
,,,,,,,,,,16:34:00,76,,,,,,
,,,,,,,,,,16:35:00,79,,,,,,
,,,,,,,,,,16:36:00,76,,,,,,
,,,,,,,,,,16:37:00,78,,,,,,
,,,,,,,,,,16:38:00,87,,,,,,
,,,,,,,,,,16:39:00,86,,,,,,
,,,,,,,,,,16:40:00,91,,,,,,
,,,,,,,,,,16:41:00,99,,,,,,
,,,,,,,,,,16:42:00,97,,,,,,
,,,,,,,,,,16:43:00,97,,,,,,
,,,,,,,,,,16:44:00,99,,,,,,
,,,,,,,,,,16:45:00,102,,,,,,
,,,,,,,,,,16:46:00,112,,,,,,
,,,,,,,,,,16:47:00,103,,,,,,
,,,,,,,,,,16:48:00,101,,,,,,
,,,,,,,,,,16:49:00,99,,,,,,
,,,,,,,,,,16:50:00,114,,,,,,
,,,,,,,,,,16:51:00,101,,,,,,
,,,,,,,,,,16:52:00,98,,,,,,
,,,,,,,,,,16:53:00,110,,,,,,
,,,,,,,,,,16:54:00,108,,,,,,
,,,,,,,,,,16:55:00,105,,,,,,
,,,,,,,,,,16:56:00,104,,,,,,
,,,,,,,,,,16:57:00,97,,,,,,
,,,,,,,,,,16:58:00,113,,,,,,
,,,,,,,,,,16:59:00,118,,,,,,
,,,,,,,,,,17:00:00,110,,,,,,
,,,,,,,,,,17:01:00,95,,,,,,
,,,,,,,,,,17:02:00,95,,,,,,
,,,,,,,,,,17:03:00,95,,,,,,
,,,,,,,,,,17:04:00,92,,,,,,
,,,,,,,,,,17:05:00,90,,,,,,
,,,,,,,,,,17:06:00,94,,,,,,
,,,,,,,,,,17:07:00,95,,,,,,
,,,,,,,,,,17:08:00,91,,,,,,
,,,,,,,,,,17:09:00,91,,,,,,
,,,,,,,,,,17:10:00,93,,,,,,
,,,,,,,,,,17:11:00,89,,,,,,
,,,,,,,,,,17:12:00,87,,,,,,
,,,,,,,,,,17:13:00,88,,,,,,
,,,,,,,,,,17:14:00,88,,,,,,
,,,,,,,,,,17:15:00,83,,,,,,
,,,,,,,,,,17:16:00,88,,,,,,
,,,,,,,,,,17:17:00,90,,,,,,
,,,,,,,,,,17:18:00,82,,,,,,
,,,,,,,,,,17:19:00,85,,,,,,
,,,,,,,,,,17:20:00,99,,,,,,
,,,,,,,,,,17:21:00,104,,,,,,
,,,,,,,,,,17:22:00,95,,,,,,
,,,,,,,,,,17:23:00,97,,,,,,
,,,,,,,,,,17:24:00,101,,,,,,
,,,,,,,,,,17:25:00,103,,,,,,
,,,,,,,,,,17:26:00,100,,,,,,
,,,,,,,,,,17:27:00,108,,,,,,
,,,,,,,,,,17:28:00,109,,,,,,
,,,,,,,,,,17:29:00,103,,,,,,
,,,,,,,,,,17:30:00,101,,,,,,
,,,,,,,,,,17:31:00,99,,,,,,
,,,,,,,,,,17:32:00,101,,,,,,
,,,,,,,,,,17:33:00,122,,,,,,
,,,,,,,,,,17:34:00,121,,,,,,
,,,,,,,,,,17:35:00,131,,,,,,
,,,,,,,,,,17:36:00,124,,,,,,
,,,,,,,,,,17:37:00,113,,,,,,
,,,,,,,,,,17:38:00,104,,,,,,
,,,,,,,,,,17:39:00,104,,,,,,
,,,,,,,,,,17:40:00,111,,,,,,
,,,,,,,,,,17:41:00,111,,,,,,
,,,,,,,,,,17:42:00,105,,,,,,
,,,,,,,,,,17:43:00,104,,,,,,
,,,,,,,,,,17:44:00,98,,,,,,
,,,,,,,,,,17:45:00,94,,,,,,
,,,,,,,,,,17:46:00,88,,,,,,
,,,,,,,,,,17:47:00,88,,,,,,
,,,,,,,,,,17:48:00,88,,,,,,
,,,,,,,,,,17:49:00,86,,,,,,
,,,,,,,,,,17:50:00,85,,,,,,
,,,,,,,,,,17:51:00,87,,,,,,
,,,,,,,,,,17:52:00,83,,,,,,
,,,,,,,,,,17:53:00,83,,,,,,
,,,,,,,,,,17:54:00,85,,,,,,
,,,,,,,,,,17:55:00,82,,,,,,
,,,,,,,,,,17:56:00,83,,,,,,
,,,,,,,,,,17:57:00,89,,,,,,
,,,,,,,,,,17:58:00,98,,,,,,
,,,,,,,,,,17:59:00,104,,,,,,
,,,,,,,,,,18:00:00,106,,,,,,
,,,,,,,,,,18:01:00,100,,,,,,
,,,,,,,,,,18:02:00,98,,,,,,
,,,,,,,,,,18:03:00,96,,,,,,
,,,,,,,,,,18:04:00,94,,,,,,
,,,,,,,,,,18:05:00,88,,,,,,
,,,,,,,,,,18:06:00,83,,,,,,
,,,,,,,,,,18:07:00,79,,,,,,
,,,,,,,,,,18:08:00,75,,,,,,
,,,,,,,,,,18:09:00,77,,,,,,
,,,,,,,,,,18:10:00,73,,,,,,
,,,,,,,,,,18:11:00,74,,,,,,
,,,,,,,,,,18:12:00,78,,,,,,
,,,,,,,,,,18:13:00,76,,,,,,
,,,,,,,,,,18:14:00,75,,,,,,
,,,,,,,,,,18:15:00,76,,,,,,
,,,,,,,,,,18:16:00,74,,,,,,
,,,,,,,,,,18:17:00,73,,,,,,
,,,,,,,,,,18:18:00,75,,,,,,
,,,,,,,,,,18:19:00,77,,,,,,
,,,,,,,,,,18:20:00,75,,,,,,
,,,,,,,,,,18:21:00,77,,,,,,
,,,,,,,,,,18:22:00,74,,,,,,
,,,,,,,,,,18:23:00,74,,,,,,
,,,,,,,,,,18:24:00,75,,,,,,
,,,,,,,,,,18:25:00,72,,,,,,
,,,,,,,,,,18:26:00,73,,,,,,
,,,,,,,,,,18:27:00,74,,,,,,
,,,,,,,,,,18:28:00,69,,,,,,
,,,,,,,,,,18:29:00,69,,,,,,
,,,,,,,,,,18:30:00,71,,,,,,
,,,,,,,,,,18:31:00,71,,,,,,
,,,,,,,,,,18:32:00,69,,,,,,
,,,,,,,,,,18:33:00,68,,,,,,
,,,,,,,,,,18:34:00,68,,,,,,
,,,,,,,,,,18:35:00,69,,,,,,
,,,,,,,,,,18:36:00,68,,,,,,
,,,,,,,,,,18:37:00,68,,,,,,
,,,,,,,,,,18:38:00,66,,,,,,
,,,,,,,,,,18:39:00,72,,,,,,
,,,,,,,,,,18:40:00,79,,,,,,
,,,,,,,,,,18:41:00,73,,,,,,
,,,,,,,,,,18:42:00,83,,,,,,
,,,,,,,,,,18:43:00,78,,,,,,
,,,,,,,,,,18:44:00,71,,,,,,
,,,,,,,,,,18:45:00,71,,,,,,
,,,,,,,,,,18:46:00,72,,,,,,
,,,,,,,,,,18:47:00,70,,,,,,
,,,,,,,,,,18:48:00,72,,,,,,
,,,,,,,,,,18:49:00,72,,,,,,
,,,,,,,,,,18:50:00,72,,,,,,
,,,,,,,,,,18:51:00,73,,,,,,
,,,,,,,,,,18:52:00,75,,,,,,
,,,,,,,,,,18:53:00,69,,,,,,
,,,,,,,,,,18:54:00,70,,,,,,
,,,,,,,,,,18:55:00,66,,,,,,
,,,,,,,,,,18:56:00,67,,,,,,
,,,,,,,,,,18:57:00,62,,,,,,
,,,,,,,,,,18:58:00,63,,,,,,
,,,,,,,,,,18:59:00,64,,,,,,
,,,,,,,,,,19:00:00,64,,,,,,
,,,,,,,,,,19:01:00,63,,,,,,
,,,,,,,,,,19:02:00,67,,,,,,
,,,,,,,,,,19:03:00,69,,,,,,
,,,,,,,,,,19:04:00,68,,,,,,
,,,,,,,,,,19:05:00,70,,,,,,
,,,,,,,,,,19:06:00,71,,,,,,
,,,,,,,,,,19:07:00,79,,,,,,
,,,,,,,,,,19:08:00,83,,,,,,
,,,,,,,,,,19:09:00,101,,,,,,
,,,,,,,,,,19:10:00,129,,,,,,
,,,,,,,,,,19:11:00,122,,,,,,
,,,,,,,,,,19:12:00,150,,,,,,
,,,,,,,,,,19:13:00,153,,,,,,
,,,,,,,,,,19:14:00,136,,,,,,
,,,,,,,,,,19:15:00,148,,,,,,
,,,,,,,,,,19:16:00,155,,,,,,
,,,,,,,,,,19:17:00,145,,,,,,
,,,,,,,,,,19:18:00,135,,,,,,
,,,,,,,,,,19:19:00,158,,,,,,
,,,,,,,,,,19:20:00,158,,,,,,
,,,,,,,,,,19:21:00,151,,,,,,
,,,,,,,,,,19:22:00,160,,,,,,
,,,,,,,,,,19:23:00,159,,,,,,
,,,,,,,,,,19:24:00,160,,,,,,
,,,,,,,,,,19:25:00,159,,,,,,
,,,,,,,,,,19:26:00,159,,,,,,
,,,,,,,,,,19:27:00,151,,,,,,
,,,,,,,,,,19:28:00,154,,,,,,
,,,,,,,,,,19:29:00,164,,,,,,
,,,,,,,,,,19:30:00,139,,,,,,
,,,,,,,,,,19:31:00,167,,,,,,
,,,,,,,,,,19:32:00,150,,,,,,
,,,,,,,,,,19:33:00,122,,,,,,
,,,,,,,,,,19:34:00,115,,,,,,
,,,,,,,,,,19:35:00,111,,,,,,
,,,,,,,,,,19:36:00,106,,,,,,
,,,,,,,,,,19:37:00,105,,,,,,
,,,,,,,,,,19:38:00,100,,,,,,
,,,,,,,,,,19:39:00,97,,,,,,
,,,,,,,,,,19:40:00,97,,,,,,
,,,,,,,,,,19:41:00,95,,,,,,
,,,,,,,,,,19:42:00,92,,,,,,
,,,,,,,,,,19:43:00,94,,,,,,
,,,,,,,,,,19:44:00,90,,,,,,
,,,,,,,,,,19:45:00,90,,,,,,
,,,,,,,,,,19:46:00,89,,,,,,
,,,,,,,,,,19:47:00,91,,,,,,
,,,,,,,,,,19:48:00,89,,,,,,
,,,,,,,,,,19:49:00,88,,,,,,
,,,,,,,,,,19:50:00,87,,,,,,
,,,,,,,,,,19:51:00,86,,,,,,
,,,,,,,,,,19:52:00,83,,,,,,
,,,,,,,,,,19:53:00,85,,,,,,
,,,,,,,,,,19:54:00,87,,,,,,
,,,,,,,,,,19:55:00,84,,,,,,
,,,,,,,,,,19:56:00,86,,,,,,
,,,,,,,,,,19:57:00,80,,,,,,
,,,,,,,,,,19:58:00,80,,,,,,
,,,,,,,,,,19:59:00,81,,,,,,
,,,,,,,,,,20:00:00,82,,,,,,
,,,,,,,,,,20:01:00,83,,,,,,
,,,,,,,,,,20:02:00,82,,,,,,
,,,,,,,,,,20:03:00,78,,,,,,
,,,,,,,,,,20:04:00,79,,,,,,
,,,,,,,,,,20:05:00,81,,,,,,
,,,,,,,,,,20:06:00,81,,,,,,
,,,,,,,,,,20:07:00,78,,,,,,
,,,,,,,,,,20:08:00,77,,,,,,
,,,,,,,,,,20:09:00,79,,,,,,
,,,,,,,,,,20:10:00,76,,,,,,
,,,,,,,,,,20:11:00,77,,,,,,
,,,,,,,,,,20:12:00,77,,,,,,
,,,,,,,,,,20:13:00,79,,,,,,
,,,,,,,,,,20:14:00,82,,,,,,
,,,,,,,,,,20:15:00,90,,,,,,
,,,,,,,,,,20:16:00,92,,,,,,
,,,,,,,,,,20:17:00,95,,,,,,
,,,,,,,,,,20:18:00,102,,,,,,
,,,,,,,,,,20:19:00,101,,,,,,
,,,,,,,,,,20:20:00,93,,,,,,
,,,,,,,,,,20:21:00,83,,,,,,
,,,,,,,,,,20:22:00,81,,,,,,
,,,,,,,,,,20:23:00,79,,,,,,
,,,,,,,,,,20:24:00,76,,,,,,
,,,,,,,,,,20:25:00,74,,,,,,
,,,,,,,,,,20:26:00,77,,,,,,
,,,,,,,,,,20:27:00,77,,,,,,
,,,,,,,,,,20:28:00,76,,,,,,
,,,,,,,,,,20:29:00,79,,,,,,
,,,,,,,,,,20:30:00,86,,,,,,
,,,,,,,,,,20:31:00,97,,,,,,
,,,,,,,,,,20:32:00,93,,,,,,
,,,,,,,,,,20:33:00,96,,,,,,
,,,,,,,,,,20:34:00,83,,,,,,
,,,,,,,,,,20:35:00,76,,,,,,
,,,,,,,,,,20:36:00,92,,,,,,
,,,,,,,,,,20:37:00,108,,,,,,
,,,,,,,,,,20:38:00,94,,,,,,
,,,,,,,,,,20:39:00,99,,,,,,
,,,,,,,,,,20:40:00,85,,,,,,
,,,,,,,,,,20:41:00,95,,,,,,
,,,,,,,,,,20:42:00,85,,,,,,
,,,,,,,,,,20:43:00,78,,,,,,
,,,,,,,,,,20:44:00,82,,,,,,
,,,,,,,,,,20:45:00,84,,,,,,
,,,,,,,,,,20:46:00,82,,,,,,
,,,,,,,,,,20:47:00,83,,,,,,
,,,,,,,,,,20:48:00,82,,,,,,
,,,,,,,,,,20:49:00,83,,,,,,
,,,,,,,,,,20:50:00,82,,,,,,
,,,,,,,,,,20:51:00,82,,,,,,
,,,,,,,,,,20:52:00,83,,,,,,
,,,,,,,,,,20:53:00,83,,,,,,
,,,,,,,,,,20:54:00,83,,,,,,
,,,,,,,,,,20:55:00,82,,,,,,
,,,,,,,,,,20:56:00,83,,,,,,
,,,,,,,,,,20:57:00,82,,,,,,
,,,,,,,,,,20:58:00,83,,,,,,
,,,,,,,,,,20:59:00,82,,,,,,
,,,,,,,,,,21:00:00,86,,,,,,
,,,,,,,,,,21:01:00,84,,,,,,
,,,,,,,,,,21:02:00,84,,,,,,
,,,,,,,,,,21:03:00,83,,,,,,
,,,,,,,,,,21:04:00,79,,,,,,
,,,,,,,,,,21:05:00,81,,,,,,
,,,,,,,,,,21:06:00,82,,,,,,
,,,,,,,,,,21:07:00,80,,,,,,
,,,,,,,,,,21:08:00,81,,,,,,
,,,,,,,,,,21:09:00,81,,,,,,
,,,,,,,,,,21:10:00,85,,,,,,
,,,,,,,,,,21:11:00,81,,,,,,
,,,,,,,,,,21:12:00,79,,,,,,
,,,,,,,,,,21:13:00,82,,,,,,
,,,,,,,,,,21:14:00,79,,,,,,
,,,,,,,,,,21:15:00,81,,,,,,
,,,,,,,,,,21:16:00,74,,,,,,
,,,,,,,,,,21:17:00,76,,,,,,
,,,,,,,,,,21:18:00,76,,,,,,
,,,,,,,,,,21:19:00,75,,,,,,
,,,,,,,,,,21:20:00,71,,,,,,
,,,,,,,,,,21:21:00,70,,,,,,
,,,,,,,,,,21:22:00,74,,,,,,
,,,,,,,,,,21:23:00,72,,,,,,
,,,,,,,,,,21:24:00,77,,,,,,
,,,,,,,,,,21:25:00,78,,,,,,
,,,,,,,,,,21:26:00,79,,,,,,
,,,,,,,,,,21:27:00,80,,,,,,
,,,,,,,,,,21:28:00,73,,,,,,
,,,,,,,,,,21:29:00,72,,,,,,
,,,,,,,,,,21:30:00,74,,,,,,
,,,,,,,,,,21:31:00,72,,,,,,
,,,,,,,,,,21:32:00,75,,,,,,
,,,,,,,,,,21:33:00,71,,,,,,
,,,,,,,,,,21:34:00,70,,,,,,
,,,,,,,,,,21:35:00,71,,,,,,
,,,,,,,,,,21:36:00,73,,,,,,
,,,,,,,,,,21:37:00,72,,,,,,
,,,,,,,,,,21:38:00,71,,,,,,
,,,,,,,,,,21:39:00,69,,,,,,
,,,,,,,,,,21:40:00,73,,,,,,
,,,,,,,,,,21:41:00,73,,,,,,
,,,,,,,,,,21:42:00,70,,,,,,
,,,,,,,,,,21:43:00,73,,,,,,
,,,,,,,,,,21:44:00,75,,,,,,
,,,,,,,,,,21:45:00,75,,,,,,
,,,,,,,,,,21:46:00,71,,,,,,
,,,,,,,,,,21:47:00,72,,,,,,
,,,,,,,,,,21:48:00,74,,,,,,
,,,,,,,,,,21:49:00,74,,,,,,
,,,,,,,,,,21:50:00,75,,,,,,
,,,,,,,,,,21:51:00,74,,,,,,
,,,,,,,,,,21:52:00,75,,,,,,
,,,,,,,,,,21:53:00,79,,,,,,
,,,,,,,,,,21:54:00,73,,,,,,
,,,,,,,,,,21:55:00,74,,,,,,
,,,,,,,,,,21:56:00,74,,,,,,
,,,,,,,,,,21:57:00,71,,,,,,
,,,,,,,,,,21:58:00,77,,,,,,
,,,,,,,,,,21:59:00,74,,,,,,
,,,,,,,,,,22:00:00,72,,,,,,
,,,,,,,,,,22:01:00,72,,,,,,